,,Overall,Overall,Overall,Overall,Overall,Overall,Conf.,Conf.,Home,Home,Away,Away,Points,Points,,School Totals,School Totals,School Totals,School Totals,School Totals,School Totals,School Totals,School Totals,School Totals,School Totals,School Totals,School Totals,School Totals,School Totals,School Totals,School Totals
Rk,School,G,W,L,W-L%,SRS,SOS,W,L,W,L,W,L,Tm.,Opp.,,FG,FGA,FG%,3P,3PA,3P%,FT,FTA,FT%,ORB,TRB,AST,STL,BLK,TOV,PF
1,Abilene Christian,31,10,21,.323,-16.98,-6.12,4,14,9,7,1,14,1976,2186,,695,1684,.413,232,610,.380,354,487,.727,274,897,394,203,38,399,661
2,Air Force,31,14,17,.452,-1.50,-0.37,6,12,13,6,1,11,2037,2017,,742,1565,.474,232,625,.371,321,487,.659,265,930,483,195,65,366,552
3,Akron,35,21,14,.600,4.20,0.08,9,9,19,5,2,9,2382,2203,,824,1982,.416,328,937,.350,406,617,.658,420,1249,435,230,155,422,654
4,Alabama A&amp;M,29,9,20,.310,-16.96,-9.43,8,10,4,8,5,12,1797,1988,,608,1533,.397,166,577,.288,415,643,.645,367,998,354,165,68,413,573
5,Alabama-Birmingham,34,19,15,.559,1.78,0.97,12,6,16,7,3,8,2341,2301,,820,1907,.430,187,563,.332,514,694,.741,403,1244,490,225,176,461,599
6,Alabama State,29,19,10,.655,-8.83,-12.57,14,4,11,5,8,5,2090,1937,,761,1738,.438,172,480,.358,396,609,.650,389,1151,393,184,122,397,520
7,Alabama,32,18,14,.563,10.28,8.15,8,10,14,7,4,7,2135,2049,,708,1616,.438,207,655,.316,512,711,.720,310,1056,330,208,119,391,619
8,Albany (NY),32,24,8,.750,-0.44,-5.72,15,1,12,3,12,5,2096,1927,,706,1605,.440,197,547,.360,487,640,.761,320,1077,334,181,52,374,528
9,Alcorn State,32,6,26,.188,-20.64,-9.84,4,14,5,11,1,15,2066,2377,,724,1864,.388,155,553,.280,463,704,.658,376,1038,285,191,86,367,571
10,American,33,17,16,.515,-3.37,-3.52,8,10,10,3,7,13,1938,1933,,683,1479,.462,213,571,.373,359,509,.705,187,827,408,196,84,370,484
11,Appalachian State,29,12,17,.414,-9.94,-3.32,9,11,7,5,5,12,1841,2033,,637,1602,.398,186,588,.316,381,537,.709,329,1010,318,122,61,397,551
12,Arizona State,32,17,15,.531,9.85,6.85,9,9,15,5,2,10,2222,2126,,756,1701,.444,218,626,.348,492,736,.668,343,1107,414,189,73,444,606
13,Arizona,34,31,3,.912,24.80,6.98,16,2,23,0,8,3,2599,1993,,908,1855,.489,172,478,.360,611,874,.699,368,1266,483,244,122,381,609
14,Arkansas-Little Rock,31,13,18,.419,-5.46,-3.89,8,12,10,9,3,9,2146,2180,,741,1779,.417,219,636,.344,445,632,.704,329,1063,380,174,86,326,588
15,Arkansas-Pine Bluff,32,12,20,.375,-15.45,-8.42,9,9,7,6,5,14,1915,2140,,657,1639,.401,204,613,.333,397,584,.680,326,927,323,283,108,489,623
16,Arkansas State,29,11,18,.379,-10.24,-3.95,6,14,5,9,6,9,1869,2018,,664,1631,.407,169,514,.329,372,530,.702,318,1038,321,154,89,390,496
17,Arkansas,34,26,8,.765,14.75,6.87,13,5,19,3,7,5,2653,2385,,932,2083,.447,227,648,.350,562,776,.724,442,1216,549,264,162,399,645
18,Army,30,15,15,.500,-6.29,-4.77,6,12,8,7,7,8,2164,2163,,779,1768,.441,227,697,.326,379,557,.680,325,1033,437,192,106,396,612
19,Auburn,35,15,20,.429,3.61,8.49,4,14,13,10,2,10,2378,2523,,760,1881,.404,252,727,.347,606,910,.666,356,1104,376,238,89,452,708
20,Austin Peay,30,8,22,.267,-12.59,-2.95,3,13,7,8,1,14,1937,2178,,663,1667,.398,155,513,.302,456,685,.666,373,1043,360,191,124,428,514
,,Overall,Overall,Overall,Overall,Overall,Overall,Conf.,Conf.,Home,Home,Away,Away,Points,Points,,School Totals,School Totals,School Totals,School Totals,School Totals,School Totals,School Totals,School Totals,School Totals,School Totals,School Totals,School Totals,School Totals,School Totals,School Totals,School Totals
Rk,School,G,W,L,W-L%,SRS,SOS,W,L,W,L,W,L,Tm.,Opp.,,FG,FGA,FG%,3P,3PA,3P%,FT,FTA,FT%,ORB,TRB,AST,STL,BLK,TOV,PF
21,Ball State,30,7,23,.233,-4.50,0.60,2,16,6,9,1,14,1961,2070,,669,1580,.423,234,684,.342,389,561,.693,303,980,383,159,71,424,576
22,Baylor,33,24,9,.727,19.00,10.19,11,7,18,4,6,5,2293,1991,,794,1831,.434,229,607,.377,476,710,.670,485,1293,483,261,131,413,552
23,Belmont,32,22,10,.688,-0.07,-3.68,11,5,15,2,7,8,2383,2251,,831,1746,.476,321,841,.382,400,579,.691,301,1064,492,205,64,439,527
24,Bethune-Cookman,32,11,21,.344,-15.41,-10.34,7,9,7,10,4,11,1899,2003,,627,1567,.400,163,542,.301,482,672,.717,372,1056,264,174,84,449,623
25,Binghamton,32,6,26,.188,-13.18,-3.22,5,11,5,11,1,15,1845,2124,,633,1598,.396,171,554,.309,408,618,.660,288,992,278,186,80,433,577
26,Boise State,33,25,8,.758,10.34,1.41,14,4,16,3,9,5,2335,1989,,809,1768,.458,291,738,.394,426,581,.733,286,1086,399,201,78,339,564
27,Boston College,32,13,19,.406,6.64,8.27,4,14,11,12,2,7,2105,2157,,743,1668,.445,207,638,.324,412,584,.705,264,984,421,183,86,389,607
28,Boston University,30,13,17,.433,-5.39,-2.88,9,9,8,7,5,10,2037,2087,,668,1498,.446,232,631,.368,469,674,.696,263,953,368,170,56,369,522
29,Bowling Green State,31,20,11,.645,4.41,-0.73,11,7,11,6,9,5,2070,1930,,734,1688,.435,205,603,.340,395,555,.712,328,1079,381,210,117,366,527
30,Bradley,33,9,24,.273,-4.37,1.44,3,15,8,13,1,11,1882,2026,,639,1700,.376,179,594,.301,425,641,.663,377,1098,308,227,93,418,645
31,Brigham Young,34,25,9,.735,14.29,5.38,13,5,17,6,8,3,2841,2467,,948,2032,.467,285,734,.388,660,859,.768,415,1310,572,257,101,402,698
32,Brown,31,13,18,.419,-6.98,-1.74,4,10,10,6,3,12,2048,2144,,686,1623,.423,175,549,.319,501,727,.689,324,1129,369,139,138,460,591
33,Bryant,31,16,15,.516,-6.09,-4.74,12,6,9,5,7,10,2058,2100,,709,1683,.421,226,653,.346,414,552,.750,306,1029,381,157,77,366,560
34,Bucknell,33,19,14,.576,-3.58,-2.83,13,5,13,4,6,10,2272,2273,,776,1757,.442,224,578,.388,496,708,.701,319,1094,431,137,94,366,611
35,Buffalo,32,23,9,.719,8.41,1.69,12,6,13,2,10,7,2400,2185,,817,1878,.435,193,567,.340,573,794,.722,412,1230,421,244,129,361,589
36,Butler,32,22,10,.688,16.70,8.33,12,6,15,6,7,4,2226,1958,,777,1771,.439,184,514,.358,488,718,.680,390,1175,368,204,94,364,564
37,Cal Poly,29,13,16,.448,-0.26,0.74,6,10,8,6,5,10,1752,1721,,620,1589,.390,166,533,.311,346,506,.684,342,1002,295,158,87,255,465
38,Cal State Bakersfield,33,14,19,.424,-6.42,-5.82,7,7,11,8,3,11,2100,2028,,715,1703,.420,186,554,.336,484,669,.723,368,1143,427,190,59,409,673
39,Cal State Fullerton,31,9,22,.290,-8.35,-0.84,1,15,8,9,1,13,1991,2155,,698,1695,.412,167,523,.319,428,623,.687,323,1088,305,156,62,391,566
40,Cal State Northridge,33,9,24,.273,-6.44,0.56,4,12,8,10,1,14,2148,2325,,740,1742,.425,110,337,.326,558,729,.765,325,1133,443,180,125,435,597
,,Overall,Overall,Overall,Overall,Overall,Overall,Conf.,Conf.,Home,Home,Away,Away,Points,Points,,School Totals,School Totals,School Totals,School Totals,School Totals,School Totals,School Totals,School Totals,School Totals,School Totals,School Totals,School Totals,School Totals,School Totals,School Totals,School Totals
Rk,School,G,W,L,W-L%,SRS,SOS,W,L,W,L,W,L,Tm.,Opp.,,FG,FGA,FG%,3P,3PA,3P%,FT,FTA,FT%,ORB,TRB,AST,STL,BLK,TOV,PF
41,California-Davis,31,25,6,.806,2.42,-2.96,14,2,14,1,11,5,2199,1991,,753,1524,.494,265,589,.450,428,586,.730,245,970,415,160,62,420,547
42,California-Irvine,33,21,12,.636,3.51,0.15,11,5,14,3,7,9,2240,2056,,830,1799,.461,212,544,.390,368,539,.683,320,1169,470,189,166,382,568
43,California-Riverside,31,14,17,.452,-4.45,-0.96,7,9,12,3,2,14,2025,2050,,707,1691,.418,207,603,.343,404,592,.682,337,1080,399,208,111,413,626
44,California-Santa Barbara,32,19,13,.594,4.08,1.38,11,5,14,3,5,10,2171,2021,,773,1766,.438,215,579,.371,410,554,.740,339,1099,491,164,116,352,596
45,California,33,18,15,.545,5.64,6.43,7,11,13,8,5,7,2195,2221,,821,1868,.440,185,515,.359,368,567,.649,299,1170,412,137,127,365,627
46,Campbell,32,10,22,.313,-11.09,-5.26,4,14,9,7,1,15,2045,2124,,705,1654,.426,262,736,.356,373,597,.625,305,988,419,226,92,403,576
47,Canisius,30,16,14,.533,-0.78,-2.71,11,9,9,6,7,8,1926,1868,,677,1686,.402,192,609,.315,380,535,.710,368,1044,420,200,99,361,552
48,Central Arkansas,29,2,27,.069,-22.65,-5.75,2,16,2,11,0,16,1894,2384,,646,1524,.424,196,556,.353,406,599,.678,273,903,361,182,114,529,604
49,Central Connecticut State,31,5,26,.161,-16.39,-5.45,3,15,4,12,1,14,1834,2173,,674,1675,.402,146,454,.322,340,479,.710,332,1046,340,153,109,425,429
50,Central Florida,30,12,18,.400,-5.51,1.01,5,13,10,9,2,9,1981,2153,,704,1621,.434,202,577,.350,371,577,.643,313,997,369,155,128,390,470
51,Central Michigan,30,22,8,.733,6.43,-0.82,12,6,16,1,6,7,2319,2034,,781,1678,.465,303,815,.372,454,621,.731,301,1002,415,207,77,301,529
52,Charleston Southern,30,19,11,.633,-4.63,-5.74,13,5,13,3,6,8,2221,2065,,760,1796,.423,277,814,.340,424,616,.688,393,1135,386,211,68,342,524
53,Charlotte,32,14,18,.438,2.04,0.63,7,11,9,9,5,9,2362,2317,,858,1853,.463,201,533,.377,445,685,.650,382,1166,437,207,80,435,558
54,Chattanooga,32,22,10,.688,-1.52,-3.96,15,3,15,3,7,7,2325,2141,,793,1754,.452,217,621,.349,522,762,.685,371,1118,384,210,203,418,619
55,Chicago State,32,8,24,.250,-14.76,-2.49,4,10,7,8,1,16,1855,2115,,659,1747,.377,194,644,.301,343,514,.667,402,1058,295,268,93,471,680
56,Cincinnati,32,22,10,.688,10.64,3.54,13,5,16,5,6,5,1996,1769,,716,1581,.453,161,483,.333,403,598,.674,351,1095,380,210,174,409,469
57,Citadel,30,11,19,.367,-12.78,-4.55,6,12,8,8,3,11,1919,2058,,647,1436,.451,206,515,.400,419,546,.767,271,874,394,141,66,392,449
58,Clemson,31,16,15,.516,8.00,7.46,8,10,13,8,3,7,1944,1927,,689,1685,.409,171,572,.299,395,579,.682,369,1122,330,168,148,365,502
59,Cleveland State,31,17,14,.548,2.79,-0.45,11,5,12,3,5,11,2047,1921,,734,1647,.446,215,580,.371,362,526,.688,326,1003,404,231,102,368,600
60,Coastal Carolina,33,24,9,.727,-1.46,-7.28,12,6,16,2,8,7,2366,2035,,808,1841,.439,221,621,.356,529,769,.688,440,1313,376,232,110,393,545
,,Overall,Overall,Overall,Overall,Overall,Overall,Conf.,Conf.,Home,Home,Away,Away,Points,Points,,School Totals,School Totals,School Totals,School Totals,School Totals,School Totals,School Totals,School Totals,School Totals,School Totals,School Totals,School Totals,School Totals,School Totals,School Totals,School Totals
Rk,School,G,W,L,W-L%,SRS,SOS,W,L,W,L,W,L,Tm.,Opp.,,FG,FGA,FG%,3P,3PA,3P%,FT,FTA,FT%,ORB,TRB,AST,STL,BLK,TOV,PF
61,Colgate,32,15,17,.469,-2.66,-3.16,12,6,9,5,6,12,2089,2073,,771,1596,.483,243,615,.395,304,437,.696,216,948,422,158,85,370,548
62,College of Charleston,33,9,24,.273,-6.89,-0.92,3,15,7,12,2,12,1934,2131,,686,1708,.402,197,575,.343,365,553,.660,314,1064,317,182,96,397,679
63,Colorado State,33,27,6,.818,8.87,0.90,13,5,18,2,9,4,2378,2095,,811,1837,.441,240,677,.355,516,760,.679,395,1240,486,184,109,353,556
64,Colorado,32,15,17,.469,8.03,7.22,7,11,13,7,2,10,2193,2167,,755,1733,.436,169,497,.340,514,718,.716,364,1182,367,184,128,424,583
65,Columbia,28,13,15,.464,-0.13,-1.24,5,9,9,8,4,7,1816,1737,,637,1453,.438,244,670,.364,298,416,.716,287,916,333,137,100,328,502
66,Connecticut,34,20,14,.588,8.67,4.29,10,8,13,7,7,7,2182,2033,,774,1767,.438,220,620,.355,414,587,.705,325,1152,402,158,178,392,561
67,Coppin State,31,8,23,.258,-17.69,-4.62,6,10,4,8,4,15,2219,2558,,758,1906,.398,295,826,.357,408,590,.692,319,994,390,207,99,418,632
68,Cornell,30,13,17,.433,-3.39,-1.74,5,9,8,8,5,9,1868,1838,,615,1558,.395,181,579,.313,457,610,.749,248,981,312,187,142,359,569
69,Creighton,33,14,19,.424,7.80,7.37,4,14,11,10,3,9,2221,2207,,746,1776,.420,262,759,.345,467,644,.725,348,1139,449,147,77,391,591
70,Dartmouth,28,14,14,.500,-2.53,-3.28,7,7,8,4,6,10,1763,1742,,630,1446,.436,164,467,.351,339,525,.646,288,917,344,212,99,358,538
71,Davidson,31,24,7,.774,13.14,3.04,14,4,15,3,9,4,2477,2138,,877,1861,.471,337,849,.397,386,543,.711,325,1114,534,170,89,297,586
72,Dayton,33,25,8,.758,10.82,3.51,13,5,19,1,6,7,2251,2010,,750,1620,.463,213,605,.352,538,789,.682,245,1041,456,230,84,379,525
73,Delaware State,35,18,17,.514,-10.33,-6.81,9,7,9,6,9,11,2476,2529,,867,2058,.421,276,780,.354,466,654,.713,414,1342,426,171,139,469,601
74,Delaware,30,10,20,.333,-7.55,-1.49,9,9,5,10,5,10,1979,2161,,675,1646,.410,199,576,.345,430,627,.686,314,1061,376,128,108,367,522
75,Denver,30,12,18,.400,-4.01,-3.18,6,10,9,8,3,10,1865,1890,,657,1369,.480,224,589,.380,327,427,.766,148,717,457,179,55,338,611
76,DePaul,32,12,20,.375,3.59,7.78,6,12,9,9,3,11,2220,2354,,757,1739,.435,248,705,.352,458,635,.721,292,969,395,212,122,428,679
77,Detroit Mercy,33,15,18,.455,-2.08,0.31,7,9,12,6,3,12,2334,2335,,840,1889,.445,231,602,.384,423,619,.683,343,1109,444,254,112,436,687
78,Drake,31,9,22,.290,-6.05,2.22,6,12,8,10,1,12,1844,2070,,637,1396,.456,200,490,.408,370,482,.768,192,810,370,138,60,409,485
79,Drexel,30,11,19,.367,-5.39,-0.53,9,9,5,12,6,7,1787,1930,,614,1569,.391,176,540,.326,383,514,.745,287,948,317,155,110,313,523
80,Duke,33,29,4,.879,24.14,9.11,15,3,19,2,10,2,2660,2164,,944,1880,.502,250,648,.386,522,755,.691,401,1232,512,237,124,371,528
,,Overall,Overall,Overall,Overall,Overall,Overall,Conf.,Conf.,Home,Home,Away,Away,Points,Points,,School Totals,School Totals,School Totals,School Totals,School Totals,School Totals,School Totals,School Totals,School Totals,School Totals,School Totals,School Totals,School Totals,School Totals,School Totals,School Totals
Rk,School,G,W,L,W-L%,SRS,SOS,W,L,W,L,W,L,Tm.,Opp.,,FG,FGA,FG%,3P,3PA,3P%,FT,FTA,FT%,ORB,TRB,AST,STL,BLK,TOV,PF
81,Duquesne,31,12,19,.387,-2.68,1.65,6,12,10,9,2,10,2213,2303,,803,1788,.449,245,663,.370,362,577,.627,353,1124,466,159,104,381,558
82,East Carolina,33,14,19,.424,-2.59,1.25,6,12,12,8,2,11,2116,2176,,750,1776,.422,233,662,.352,383,563,.680,333,1048,443,208,64,379,571
83,East Tennessee State,30,16,14,.533,-4.74,-3.95,8,10,10,5,6,9,2201,2140,,722,1712,.422,280,764,.366,477,661,.722,331,1052,382,235,83,381,611
84,Eastern Illinois,31,17,14,.548,-5.85,-2.85,9,7,11,5,6,9,1932,1962,,688,1574,.437,215,589,.365,341,529,.645,243,939,400,173,131,366,505
85,Eastern Kentucky,30,19,11,.633,0.00,-4.36,11,5,11,3,8,8,2157,1890,,738,1595,.463,258,742,.348,423,543,.779,212,812,437,291,88,348,518
86,Eastern Michigan,34,21,13,.618,2.77,0.47,8,10,16,4,5,9,2362,2159,,783,1902,.412,223,718,.311,573,802,.714,392,1244,359,294,155,400,640
87,Eastern Washington,34,26,8,.765,0.61,-4.49,14,4,15,2,11,6,2746,2504,,951,1981,.480,335,832,.403,509,704,.723,341,1155,448,216,165,367,603
88,Elon,33,15,18,.455,-5.66,-2.44,6,12,10,8,5,10,2329,2329,,807,1906,.423,240,684,.351,475,695,.683,355,1151,394,213,45,440,691
89,Evansville,31,19,12,.613,2.74,0.27,9,9,13,7,6,5,2148,2003,,750,1569,.478,124,360,.344,524,703,.745,248,993,482,174,114,398,535
90,Fairfield,31,7,24,.226,-8.55,-2.23,5,15,4,13,3,11,1845,2041,,614,1578,.389,198,614,.322,419,585,.716,286,979,324,154,109,396,592
91,Fairleigh Dickinson,29,8,21,.276,-12.02,-4.34,3,15,4,9,4,12,1956,2130,,681,1658,.411,208,628,.331,386,557,.693,300,869,325,252,94,372,648
92,Florida A&amp;M,29,2,27,.069,-25.86,-8.34,2,14,2,10,0,17,1607,2115,,560,1500,.373,119,421,.283,368,567,.649,281,914,241,143,62,415,518
93,Florida Atlantic,29,9,20,.310,-7.61,-1.87,2,16,7,7,2,13,1815,1934,,651,1562,.417,212,610,.348,301,447,.673,265,904,297,126,99,367,522
94,Florida Gulf Coast,32,22,10,.688,-1.12,-4.60,11,3,16,4,6,6,2155,2010,,786,1822,.431,189,561,.337,394,586,.672,394,1225,449,180,125,378,545
95,Florida International,33,16,17,.485,-7.53,-2.98,8,10,10,6,6,11,2060,2153,,749,1694,.442,151,487,.310,411,647,.635,313,1129,374,224,150,493,613
96,Florida State,33,17,16,.515,7.02,7.36,8,10,13,9,4,7,2199,2210,,763,1669,.457,147,470,.313,524,783,.669,328,1109,380,181,157,478,612
97,Florida,33,16,17,.485,13.61,10.00,8,10,12,8,4,9,2101,1982,,766,1763,.434,218,674,.323,351,553,.635,348,1095,431,228,118,409,558
98,Fordham,31,10,21,.323,-1.87,3.00,4,14,9,10,1,11,2015,2144,,711,1713,.415,187,613,.305,406,559,.726,373,1117,390,209,119,452,582
99,Fresno State,32,15,17,.469,-1.89,1.64,10,8,11,4,4,13,2086,2123,,725,1692,.428,179,559,.320,457,662,.690,286,1010,336,250,114,358,644
100,Furman,33,11,22,.333,-10.46,-3.36,5,13,8,8,3,14,2098,2245,,701,1637,.428,216,659,.328,480,717,.669,317,1068,342,183,94,438,582
,,Overall,Overall,Overall,Overall,Overall,Overall,Conf.,Conf.,Home,Home,Away,Away,Points,Points,,School Totals,School Totals,School Totals,School Totals,School Totals,School Totals,School Totals,School Totals,School Totals,School Totals,School Totals,School Totals,School Totals,School Totals,School Totals,School Totals
Rk,School,G,W,L,W-L%,SRS,SOS,W,L,W,L,W,L,Tm.,Opp.,,FG,FGA,FG%,3P,3PA,3P%,FT,FTA,FT%,ORB,TRB,AST,STL,BLK,TOV,PF
101,Gardner-Webb,34,20,14,.588,-5.36,-3.46,10,8,13,4,7,10,2541,2508,,882,1974,.447,277,793,.349,500,752,.665,384,1208,551,227,81,418,552
102,George Mason,31,9,22,.290,-1.07,4.96,4,14,7,11,2,11,1996,2147,,708,1663,.426,130,406,.320,450,676,.666,391,1113,315,187,120,445,638
103,George Washington,33,21,12,.636,8.58,2.76,10,8,14,3,7,9,2217,2025,,781,1771,.441,178,508,.350,477,700,.681,400,1217,387,181,130,408,521
104,Georgetown,31,21,10,.677,16.06,9.99,12,6,14,5,7,5,2192,2004,,750,1650,.455,181,521,.347,511,728,.702,347,1089,408,240,152,392,626
105,Georgia Southern,31,22,9,.710,-0.55,-4.87,14,6,14,3,8,6,2112,1865,,733,1765,.415,234,740,.316,412,616,.669,391,1160,361,226,99,365,522
106,Georgia State,33,24,9,.727,4.96,-3.23,15,5,14,1,10,8,2375,2053,,854,1778,.480,163,492,.331,504,693,.727,308,1081,450,300,138,352,607
107,Georgia Tech,31,12,19,.387,7.42,8.71,3,15,10,9,2,10,1962,2002,,734,1800,.408,131,491,.267,363,560,.648,444,1187,362,177,104,394,516
108,Georgia,32,21,11,.656,12.85,8.70,11,7,13,6,8,5,2187,2054,,728,1673,.435,180,524,.344,551,800,.689,348,1217,403,179,149,408,589
109,Gonzaga,34,32,2,.941,21.90,4.78,17,1,19,1,13,1,2690,2071,,973,1856,.524,242,593,.408,502,725,.692,347,1287,561,211,114,359,580
110,Grambling,29,2,27,.069,-30.44,-7.77,0,18,2,9,0,18,1509,2105,,512,1417,.361,105,366,.287,380,584,.651,294,928,225,154,52,486,551
111,Grand Canyon,31,17,14,.548,-6.50,-5.47,8,6,13,7,4,7,2128,2113,,731,1615,.453,195,572,.341,471,663,.710,272,975,373,164,96,347,611
112,Green Bay,32,24,8,.750,6.14,-0.60,12,4,14,1,10,7,2196,1937,,806,1747,.461,137,459,.298,447,692,.646,360,1141,449,238,160,377,587
113,Hampton,33,16,17,.485,-9.07,-8.22,8,8,9,5,7,12,2216,2244,,753,1847,.408,187,615,.304,523,802,.652,404,1224,350,220,135,469,711
114,Hartford,30,14,16,.467,-8.32,-4.91,7,8,7,8,7,8,1858,1924,,645,1596,.404,235,722,.325,333,477,.698,264,936,362,187,48,364,555
115,Harvard,29,22,7,.759,4.21,-0.75,12,3,13,3,9,4,1861,1660,,650,1493,.435,141,399,.353,420,589,.713,304,999,374,204,133,342,456
116,Hawaii,35,22,13,.629,2.91,-0.57,8,8,16,6,6,7,2551,2387,,901,2056,.438,226,703,.321,523,762,.686,422,1231,464,337,139,466,712
117,High Point,31,22,9,.710,-2.62,-4.73,13,5,11,2,11,7,2272,2101,,819,1717,.477,196,504,.389,438,599,.731,302,1019,460,200,91,349,488
118,Hofstra,33,20,13,.606,4.21,-4.40,10,8,10,7,10,6,2587,2303,,875,1947,.449,295,804,.367,542,776,.698,388,1207,510,248,89,370,623
119,Holy Cross,30,14,16,.467,-6.07,-3.65,8,10,10,4,4,12,1981,2020,,692,1643,.421,189,557,.339,406,568,.715,305,930,334,228,143,328,582
120,Houston Baptist,28,12,16,.429,-12.93,-5.39,7,11,10,3,2,13,2028,2063,,728,1596,.456,129,399,.323,443,611,.725,366,1061,348,166,115,429,585
,,Overall,Overall,Overall,Overall,Overall,Overall,Conf.,Conf.,Home,Home,Away,Away,Points,Points,,School Totals,School Totals,School Totals,School Totals,School Totals,School Totals,School Totals,School Totals,School Totals,School Totals,School Totals,School Totals,School Totals,School Totals,School Totals,School Totals
Rk,School,G,W,L,W-L%,SRS,SOS,W,L,W,L,W,L,Tm.,Opp.,,FG,FGA,FG%,3P,3PA,3P%,FT,FTA,FT%,ORB,TRB,AST,STL,BLK,TOV,PF
121,Houston,32,13,19,.406,-1.86,-0.71,4,14,11,9,2,10,2060,2097,,705,1795,.393,259,809,.320,391,575,.680,403,1129,376,184,121,425,565
122,Howard,32,16,16,.500,-9.80,-7.76,10,6,9,3,7,13,2032,2004,,695,1621,.429,149,501,.297,493,705,.699,353,1110,270,242,130,517,596
123,Idaho State,30,7,23,.233,-11.54,-5.47,4,14,6,8,1,15,1937,2075,,699,1588,.440,148,420,.352,391,601,.651,302,972,337,207,77,355,526
124,Idaho,30,13,17,.433,-5.77,-4.80,8,10,11,3,2,14,2301,2269,,805,1726,.466,236,572,.413,455,642,.709,312,1086,405,140,57,360,634
125,Illinois-Chicago,34,10,24,.294,-7.72,-0.22,4,12,8,12,2,12,2201,2389,,724,1870,.387,204,629,.324,549,745,.737,391,1142,413,205,92,375,609
126,Illinois State,33,21,12,.636,7.47,2.44,11,7,13,7,8,5,2267,2064,,808,1843,.438,204,582,.351,447,625,.715,420,1180,388,240,142,425,633
127,Illinois,32,19,13,.594,13.41,7.10,9,9,16,5,3,8,2223,2021,,765,1838,.416,231,647,.357,462,582,.794,334,1098,379,202,103,318,556
128,Incarnate Word,28,18,10,.643,-5.56,-6.52,10,8,11,2,7,8,2230,2097,,748,1586,.472,194,522,.372,540,735,.735,254,938,367,221,124,313,517
129,Indiana State,31,15,16,.484,-0.58,1.12,11,7,10,8,5,8,2060,2101,,681,1601,.425,225,631,.357,473,674,.702,271,1008,398,175,98,437,562
130,Indiana,33,20,13,.606,13.38,7.32,9,9,16,6,4,7,2557,2357,,899,1930,.466,308,764,.403,451,631,.715,395,1187,463,167,105,379,580
131,Iona,34,26,8,.765,4.12,-2.68,17,3,16,1,10,7,2707,2476,,926,1980,.468,338,846,.400,517,734,.704,330,1208,560,221,127,415,584
132,Iowa State,33,25,8,.758,19.16,10.07,12,6,18,3,7,5,2586,2286,,916,1908,.480,257,703,.366,497,714,.696,314,1184,534,209,124,364,512
133,Iowa,32,21,11,.656,15.82,8.29,12,6,14,7,7,4,2221,1980,,758,1776,.427,181,545,.332,524,703,.745,401,1206,460,211,150,361,508
134,IPFW,30,16,14,.533,-3.21,-3.69,9,7,10,6,6,8,2094,1999,,727,1545,.471,210,592,.355,430,627,.686,237,971,425,172,86,352,483
135,IUPUI,31,10,21,.323,-8.35,-1.99,6,10,5,9,5,12,1883,2080,,692,1623,.426,126,426,.296,373,532,.701,318,1009,348,218,65,482,635
136,Jackson State,32,11,21,.344,-12.24,-9.40,9,9,6,7,5,14,1941,2032,,701,1812,.387,153,558,.274,386,597,.647,460,1188,324,203,81,459,695
137,Jacksonville State,31,12,19,.387,-12.73,-4.59,5,11,11,3,1,16,1939,2126,,647,1698,.381,179,598,.299,466,651,.716,346,1043,371,191,129,377,606
138,Jacksonville,32,10,22,.313,-16.40,-6.16,4,10,8,7,2,15,2058,2303,,701,1709,.410,203,566,.359,453,684,.662,315,1006,341,207,79,394,578
139,James Madison,32,19,13,.594,-2.38,-1.25,12,6,12,7,7,6,2145,2181,,720,1598,.451,214,586,.365,491,697,.704,286,1037,401,205,78,422,518
140,Kansas State,32,15,17,.469,9.18,9.99,8,10,14,6,1,11,2016,2042,,690,1593,.433,141,421,.335,495,732,.676,338,1015,417,195,74,424,639
,,Overall,Overall,Overall,Overall,Overall,Overall,Conf.,Conf.,Home,Home,Away,Away,Points,Points,,School Totals,School Totals,School Totals,School Totals,School Totals,School Totals,School Totals,School Totals,School Totals,School Totals,School Totals,School Totals,School Totals,School Totals,School Totals,School Totals
Rk,School,G,W,L,W-L%,SRS,SOS,W,L,W,L,W,L,Tm.,Opp.,,FG,FGA,FG%,3P,3PA,3P%,FT,FTA,FT%,ORB,TRB,AST,STL,BLK,TOV,PF
141,Kansas,34,26,8,.765,19.56,13.03,13,5,20,2,6,6,2421,2199,,822,1869,.440,198,528,.375,579,804,.720,402,1290,451,222,171,435,599
142,Kennesaw State,32,10,22,.313,-17.01,-4.78,4,10,6,8,4,14,2027,2363,,717,1775,.404,214,661,.324,379,518,.732,343,1094,331,173,110,455,567
143,Kent State,32,21,11,.656,2.52,-0.26,12,6,12,5,9,6,2103,2007,,723,1695,.427,226,628,.360,431,667,.646,367,1117,337,164,127,361,582
144,Kentucky,34,34,0,1.000,29.45,8.51,18,0,20,0,14,0,2547,1835,,883,1884,.469,185,529,.350,596,825,.722,439,1298,500,223,234,361,579
145,La Salle,33,17,16,.515,5.11,4.17,8,10,11,8,6,8,2086,2055,,738,1757,.420,166,517,.321,444,640,.694,332,1126,398,211,120,429,582
146,Lafayette,32,20,12,.625,-2.66,-3.73,9,9,11,5,9,7,2374,2316,,851,1744,.488,257,622,.413,415,542,.766,272,992,499,179,82,351,504
147,Lamar,30,15,15,.500,-9.49,-5.02,9,9,12,2,3,13,2146,2132,,750,1658,.452,169,532,.318,477,701,.680,378,1063,392,224,115,465,623
148,Lehigh,30,16,14,.533,-2.80,-3.35,10,8,8,7,8,7,2042,2000,,724,1640,.441,164,475,.345,430,593,.725,294,1085,429,168,97,393,531
149,Liberty,32,8,24,.250,-16.02,-6.45,2,16,8,11,0,13,2045,2222,,717,1658,.432,154,472,.326,457,650,.703,341,1132,358,175,86,522,602
150,Lipscomb,31,14,17,.452,-10.53,-4.85,7,7,10,3,4,14,2232,2322,,741,1769,.419,253,770,.329,497,715,.695,345,1112,432,175,61,412,662
151,Long Beach State,33,16,17,.485,1.96,4.48,10,6,12,3,4,14,2188,2221,,761,1809,.421,230,672,.342,436,638,.683,370,1126,369,216,78,445,636
152,Long Island University,30,12,18,.400,-8.92,-5.15,8,10,5,8,7,10,2022,2135,,677,1726,.392,195,601,.324,473,687,.689,368,1121,346,171,75,411,605
153,Longwood,34,11,23,.324,-12.98,-5.55,5,13,8,9,3,14,2311,2491,,809,1899,.426,275,746,.369,418,580,.721,324,1071,397,270,106,489,671
154,Louisiana-Lafayette,33,20,13,.606,0.50,-4.07,13,7,14,4,6,9,2553,2293,,897,1965,.456,222,623,.356,537,766,.701,424,1316,478,221,132,479,608
155,Louisiana-Monroe,33,21,12,.636,-2.77,-3.67,14,6,13,4,8,8,2121,1970,,802,1871,.429,167,543,.308,350,492,.711,368,1223,434,168,137,380,512
156,Louisiana State,32,22,10,.688,11.67,5.71,11,7,14,5,8,5,2358,2167,,868,1902,.456,184,543,.339,438,636,.689,388,1254,502,235,198,468,506
157,Louisiana Tech,33,25,8,.758,5.57,-2.06,15,3,17,0,8,8,2400,2134,,859,1934,.444,221,692,.319,461,669,.689,347,1109,455,285,187,358,550
158,Louisville,32,24,8,.750,18.65,8.96,12,6,16,5,8,3,2215,1905,,783,1827,.429,181,595,.304,468,709,.660,413,1221,374,266,176,378,567
159,Loyola (IL),32,19,13,.594,2.05,0.98,8,10,10,7,9,6,1985,1930,,723,1537,.470,194,493,.394,345,512,.674,253,922,416,204,73,401,488
160,Loyola Marymount,31,8,23,.258,-3.62,5.79,4,14,5,12,3,11,1928,2188,,678,1622,.418,160,452,.354,412,579,.712,351,1011,388,188,108,422,540
,,Overall,Overall,Overall,Overall,Overall,Overall,Conf.,Conf.,Home,Home,Away,Away,Points,Points,,School Totals,School Totals,School Totals,School Totals,School Totals,School Totals,School Totals,School Totals,School Totals,School Totals,School Totals,School Totals,School Totals,School Totals,School Totals,School Totals
Rk,School,G,W,L,W-L%,SRS,SOS,W,L,W,L,W,L,Tm.,Opp.,,FG,FGA,FG%,3P,3PA,3P%,FT,FTA,FT%,ORB,TRB,AST,STL,BLK,TOV,PF
161,Loyola (MD),30,11,19,.367,-10.51,-3.14,7,11,7,6,4,13,1764,1985,,607,1591,.382,148,456,.325,402,599,.671,346,1047,290,166,92,388,594
162,Maine,30,3,27,.100,-17.60,-3.20,2,14,2,10,1,17,1812,2244,,647,1599,.405,197,609,.323,321,442,.726,238,881,393,179,32,432,554
163,Manhattan,32,19,13,.594,-0.64,-3.01,13,7,11,4,8,9,2236,2160,,733,1686,.435,209,615,.340,561,808,.694,333,1024,445,259,89,464,733
164,Marist,32,7,25,.219,-10.34,-2.71,5,15,4,9,3,16,1957,2201,,649,1629,.398,226,717,.315,433,619,.700,230,936,336,223,90,436,571
165,Marquette,32,13,19,.406,7.30,9.24,4,14,11,10,2,9,2083,2145,,742,1699,.437,207,602,.344,392,608,.645,306,1000,479,241,111,402,505
166,Marshall,32,11,21,.344,-6.22,0.01,7,11,10,9,1,12,2137,2288,,738,1840,.401,249,788,.316,412,636,.648,357,1195,412,212,93,499,634
167,Maryland-Baltimore County,30,4,26,.133,-15.96,-4.93,2,14,2,11,2,15,1682,2013,,591,1441,.410,153,469,.326,347,539,.644,225,902,338,197,90,467,475
168,Maryland-Eastern Shore,32,18,14,.563,-6.45,-7.04,11,5,7,3,11,11,2165,2146,,727,1602,.454,207,537,.385,504,764,.660,363,1061,435,241,46,486,632
169,Maryland,33,27,6,.818,14.08,7.84,14,4,18,2,9,4,2293,2087,,741,1693,.438,241,647,.372,570,753,.757,302,1157,360,160,139,397,546
170,Massachusetts-Lowell,29,12,17,.414,-11.00,-4.10,6,10,6,5,6,12,1780,1928,,610,1481,.412,223,622,.359,337,508,.663,212,837,323,201,28,383,523
171,Massachusetts,32,17,15,.531,3.87,4.96,10,8,10,6,7,9,2220,2255,,772,1785,.432,144,488,.295,532,756,.704,384,1177,429,216,135,451,591
172,McNeese State,31,15,16,.484,-9.66,-5.03,8,10,12,6,3,10,2154,2210,,792,1873,.423,193,620,.311,377,579,.651,413,1118,409,223,145,333,528
173,Memphis,32,18,14,.563,7.37,3.12,10,8,13,8,5,6,2155,2019,,802,1827,.439,166,506,.328,385,578,.666,409,1195,460,224,208,427,587
174,Mercer,33,18,15,.545,-1.86,-4.08,12,6,13,4,5,11,2193,2055,,760,1723,.441,194,561,.346,479,699,.685,364,1116,437,208,88,350,532
175,Miami (FL),33,21,12,.636,12.49,7.22,10,8,11,8,10,4,2257,2083,,771,1775,.434,261,723,.361,454,616,.737,315,1117,433,191,104,333,512
176,Miami (OH),32,13,19,.406,-3.28,0.79,8,10,10,9,3,10,2123,2226,,739,1679,.440,187,546,.342,456,643,.709,268,984,375,245,64,411,602
177,Michigan State,34,23,11,.676,17.53,9.06,12,6,14,5,9,6,2444,2156,,901,1912,.471,256,663,.386,386,610,.633,390,1281,582,181,155,395,631
178,Michigan,32,16,16,.500,9.94,9.97,8,10,13,8,3,8,2071,2048,,734,1724,.426,250,696,.359,353,468,.754,267,966,382,174,57,306,455
179,Middle Tennessee,35,19,16,.543,0.62,-0.35,9,9,14,3,5,13,2229,2179,,756,1820,.415,234,655,.357,483,685,.705,372,1181,389,212,106,458,645
180,Milwaukee,30,14,16,.467,-4.67,0.33,9,7,10,5,4,11,1963,2077,,659,1564,.421,211,624,.338,434,589,.737,264,982,388,157,83,382,518
,,Overall,Overall,Overall,Overall,Overall,Overall,Conf.,Conf.,Home,Home,Away,Away,Points,Points,,School Totals,School Totals,School Totals,School Totals,School Totals,School Totals,School Totals,School Totals,School Totals,School Totals,School Totals,School Totals,School Totals,School Totals,School Totals,School Totals
Rk,School,G,W,L,W-L%,SRS,SOS,W,L,W,L,W,L,Tm.,Opp.,,FG,FGA,FG%,3P,3PA,3P%,FT,FTA,FT%,ORB,TRB,AST,STL,BLK,TOV,PF
181,Minnesota,33,18,15,.545,12.66,7.53,6,12,14,7,4,8,2449,2233,,890,1924,.463,243,638,.381,426,634,.672,352,1087,519,313,110,400,596
182,Mississippi State,31,12,19,.387,2.87,5.06,6,12,9,10,3,9,1918,1986,,650,1507,.431,133,427,.311,485,700,.693,310,1056,273,194,86,463,590
183,Mississippi Valley State,32,6,26,.188,-23.71,-7.55,5,13,4,8,2,18,2045,2562,,738,1911,.386,157,519,.303,412,630,.654,382,1051,338,241,37,481,588
184,Mississippi,32,20,12,.625,11.88,6.76,11,7,10,8,10,4,2324,2160,,788,1850,.426,207,612,.338,541,695,.778,397,1202,411,211,118,363,626
185,Missouri-Kansas City,33,14,19,.424,-8.02,-5.09,8,6,10,6,4,13,2164,2202,,723,1777,.407,216,649,.333,502,724,.693,374,1037,376,266,111,443,636
186,Missouri State,31,11,20,.355,-5.00,1.58,5,13,8,8,3,12,1850,1989,,654,1612,.406,158,512,.309,384,525,.731,316,1008,347,160,100,377,550
187,Missouri,32,9,23,.281,1.53,9.66,3,15,8,11,1,12,1935,2173,,683,1694,.403,196,596,.329,373,560,.666,327,1050,343,179,90,417,624
188,Monmouth,33,18,15,.545,-1.97,-2.70,13,7,8,7,10,8,2134,2110,,730,1702,.429,171,506,.338,503,697,.722,320,1080,372,231,127,426,622
189,Montana State,30,7,23,.233,-12.87,-3.46,4,14,5,9,2,14,1917,2152,,662,1665,.398,246,687,.358,347,482,.720,317,1009,349,132,91,411,624
190,Montana,32,20,12,.625,-1.62,-4.29,14,4,13,4,7,8,2283,2138,,805,1729,.466,261,702,.372,412,574,.718,287,1027,448,215,84,381,620
191,Morehead State,34,17,17,.500,-0.79,-3.45,10,6,10,7,7,10,2420,2255,,854,1930,.442,220,639,.344,490,684,.716,422,1205,495,278,110,462,782
192,Morgan State,31,7,24,.226,-16.10,-6.39,5,11,5,5,2,19,1898,2199,,673,1877,.359,163,574,.284,389,622,.625,466,1098,313,175,89,332,580
193,Mount St. Mary's,30,15,15,.500,-5.97,-4.24,11,7,9,4,6,11,1893,1945,,662,1645,.402,228,691,.330,341,500,.682,325,979,342,202,112,367,549
194,Murray State,32,27,5,.844,5.95,-3.88,16,0,14,3,13,2,2531,2167,,886,1831,.484,238,617,.386,521,747,.697,384,1177,493,238,111,372,596
195,Navy,32,13,19,.406,-7.64,-3.38,8,10,8,9,5,10,1952,2059,,719,1637,.439,170,518,.328,344,513,.671,301,982,423,188,107,391,554
196,Nebraska-Omaha,29,12,17,.414,-7.25,-5.21,5,11,7,6,5,11,2226,2256,,767,1724,.445,179,539,.332,513,737,.696,321,1009,350,237,92,391,590
197,Nebraska,31,13,18,.419,6.24,7.92,5,13,11,7,2,10,1905,1957,,664,1613,.412,161,566,.284,416,588,.707,277,1022,315,192,90,389,581
198,Nevada-Las Vegas,33,18,15,.545,5.70,3.67,8,10,14,7,4,8,2250,2125,,808,1816,.445,236,639,.369,398,600,.663,301,1170,453,183,223,376,545
199,Nevada,31,9,22,.290,-5.69,1.41,5,13,7,10,2,12,1874,2061,,637,1673,.381,111,417,.266,489,703,.696,457,1221,298,169,129,436,603
200,New Hampshire,31,19,12,.613,-3.28,-6.14,11,5,12,3,7,9,2071,1889,,719,1649,.436,220,592,.372,413,608,.679,293,1139,356,161,67,387,580
,,Overall,Overall,Overall,Overall,Overall,Overall,Conf.,Conf.,Home,Home,Away,Away,Points,Points,,School Totals,School Totals,School Totals,School Totals,School Totals,School Totals,School Totals,School Totals,School Totals,School Totals,School Totals,School Totals,School Totals,School Totals,School Totals,School Totals
Rk,School,G,W,L,W-L%,SRS,SOS,W,L,W,L,W,L,Tm.,Opp.,,FG,FGA,FG%,3P,3PA,3P%,FT,FTA,FT%,ORB,TRB,AST,STL,BLK,TOV,PF
201,New Mexico State,33,23,10,.697,3.88,-4.35,13,1,16,2,7,8,2260,1958,,788,1692,.466,160,435,.368,524,755,.694,414,1170,398,209,121,459,526
202,New Mexico,31,15,16,.484,3.10,1.32,7,11,10,6,5,10,1921,1866,,686,1588,.432,148,480,.308,401,609,.658,331,1081,398,178,139,392,538
203,New Orleans,29,11,18,.379,-11.56,-6.06,6,12,9,5,2,13,2062,2133,,704,1604,.439,123,366,.336,531,770,.690,365,1014,279,216,101,452,608
204,Niagara,30,8,22,.267,-9.05,-1.58,7,13,4,11,4,11,1930,2154,,642,1608,.399,184,524,.351,460,662,.695,343,1016,338,172,69,408,559
205,Nicholls State,29,10,19,.345,-15.54,-5.00,7,11,7,6,3,13,1885,2117,,662,1511,.438,155,496,.313,404,645,.626,314,981,367,201,120,492,635
206,NJIT,29,18,11,.621,-3.70,-4.38,0,0,12,2,6,9,2065,1934,,707,1540,.459,245,642,.382,406,584,.695,276,968,440,206,138,411,572
207,Norfolk State,33,20,13,.606,-4.52,-6.45,12,4,13,3,7,10,2310,2173,,819,1750,.468,181,534,.339,491,741,.663,365,1195,434,170,166,446,655
208,North Carolina-Asheville,31,15,16,.484,-7.26,-5.72,10,8,8,6,7,10,2242,2183,,780,1774,.440,233,652,.357,449,619,.725,352,1120,423,228,144,437,594
209,North Carolina A&amp;T,32,9,23,.281,-16.60,-7.87,6,10,7,7,2,16,1884,2112,,648,1622,.400,157,555,.283,431,633,.681,366,1066,297,170,127,483,594
210,North Carolina Central,32,25,7,.781,0.53,-9.27,16,0,13,0,12,7,2207,1746,,787,1619,.486,211,576,.366,422,618,.683,304,1100,450,215,134,405,618
211,North Carolina-Greensboro,33,11,22,.333,-7.85,-4.22,6,12,7,12,4,10,2290,2337,,838,1895,.442,216,598,.361,398,613,.649,364,1138,400,206,109,414,711
212,North Carolina State,33,20,13,.606,14.25,9.28,10,8,15,7,5,6,2323,2159,,820,1875,.437,219,606,.361,464,679,.683,400,1249,383,131,175,347,582
213,North Carolina-Wilmington,31,18,13,.581,-1.91,-1.81,12,6,10,3,8,10,2168,2113,,785,1771,.443,156,448,.348,442,655,.675,349,1096,350,238,136,388,640
214,North Carolina,35,24,11,.686,21.32,11.81,11,7,13,6,11,5,2727,2394,,1019,2145,.475,167,484,.345,522,746,.700,488,1436,621,233,154,444,675
215,North Dakota State,32,23,9,.719,-2.18,-4.48,12,4,16,0,7,9,2065,1971,,714,1659,.430,220,579,.380,417,602,.693,271,1074,310,153,120,312,482
216,North Dakota,30,8,22,.267,-12.23,-3.80,4,14,3,10,5,12,2032,2201,,713,1637,.436,180,543,.331,426,628,.678,260,961,353,189,94,373,640
217,North Florida,34,23,11,.676,-0.34,-5.76,12,2,12,2,11,9,2574,2304,,872,1858,.469,308,788,.391,522,721,.724,326,1177,491,213,142,417,545
218,North Texas,31,14,17,.452,-4.64,-0.40,8,10,11,7,3,10,2025,2113,,726,1678,.433,147,489,.301,426,677,.629,338,1094,310,209,103,420,548
219,Northeastern,34,23,11,.676,1.98,-1.61,12,6,10,3,13,8,2332,2210,,811,1670,.486,200,515,.388,510,703,.725,284,1127,485,181,129,467,484
220,Northern Arizona,33,19,14,.576,-4.07,-4.45,13,5,13,2,6,12,2246,2208,,751,1856,.405,229,646,.354,515,692,.744,424,1244,400,158,128,394,626
,,Overall,Overall,Overall,Overall,Overall,Overall,Conf.,Conf.,Home,Home,Away,Away,Points,Points,,School Totals,School Totals,School Totals,School Totals,School Totals,School Totals,School Totals,School Totals,School Totals,School Totals,School Totals,School Totals,School Totals,School Totals,School Totals,School Totals
Rk,School,G,W,L,W-L%,SRS,SOS,W,L,W,L,W,L,Tm.,Opp.,,FG,FGA,FG%,3P,3PA,3P%,FT,FTA,FT%,ORB,TRB,AST,STL,BLK,TOV,PF
221,Northern Colorado,30,15,15,.500,-6.80,-6.19,10,8,12,3,3,12,2242,2203,,804,1691,.475,204,535,.381,430,602,.714,342,978,370,196,59,313,594
222,Northern Illinois,30,14,16,.467,-1.27,0.39,8,10,10,5,4,11,1971,1989,,661,1543,.428,149,470,.317,500,735,.680,373,1039,294,226,73,426,573
223,Northern Iowa,33,30,3,.909,12.40,1.34,16,2,18,0,12,3,2157,1792,,735,1523,.483,242,609,.397,445,613,.726,239,1017,394,196,82,346,474
224,Northern Kentucky,30,13,17,.433,-6.55,-4.19,7,7,9,6,4,11,2117,2079,,779,1693,.460,226,648,.349,333,507,.657,299,1014,379,173,85,348,612
225,Northwestern State,31,19,12,.613,-4.43,-4.36,13,5,11,4,8,8,2608,2552,,918,1986,.462,251,708,.355,521,697,.747,364,1074,492,240,141,382,587
226,Northwestern,32,15,17,.469,6.50,7.60,6,12,11,7,4,10,2031,2066,,727,1669,.436,228,635,.359,349,477,.732,277,1052,460,118,126,357,573
227,Notre Dame,34,29,5,.853,19.42,6.24,14,4,18,3,11,2,2680,2232,,945,1853,.510,281,716,.392,509,688,.740,283,1114,514,234,121,319,483
228,Oakland,32,16,16,.500,-0.68,1.75,11,5,12,3,4,13,2359,2385,,823,1780,.462,249,680,.366,464,676,.686,328,1074,497,188,55,406,558
229,Ohio State,33,23,10,.697,20.43,7.00,11,7,18,2,5,8,2502,2059,,916,1886,.486,225,605,.372,445,656,.678,372,1183,509,257,168,373,529
230,Ohio,30,10,20,.333,-3.60,1.00,5,13,8,7,2,13,2028,2166,,727,1678,.433,217,637,.341,357,486,.735,268,1023,341,154,128,382,512
231,Oklahoma State,31,18,13,.581,13.99,10.36,8,10,14,4,4,9,2087,1932,,706,1607,.439,216,618,.350,459,632,.726,278,1008,355,245,156,380,597
232,Oklahoma,32,22,10,.688,19.92,10.73,12,6,16,3,6,7,2302,2008,,818,1874,.436,216,629,.343,450,612,.735,351,1219,400,221,161,388,525
233,Old Dominion,31,24,7,.774,7.90,-0.74,13,5,17,0,7,7,2026,1758,,741,1698,.436,184,555,.332,360,534,.674,382,1111,413,198,103,337,543
234,Oral Roberts,32,18,14,.563,-4.14,-2.31,10,6,11,2,7,12,2208,2170,,743,1743,.426,183,529,.346,539,754,.715,348,1100,346,194,120,381,596
235,Oregon State,31,17,14,.548,6.26,5.30,8,10,15,2,2,12,1887,1834,,665,1577,.422,160,495,.323,397,573,.693,293,973,373,241,123,365,590
236,Oregon,34,25,9,.735,11.35,7.32,13,5,18,3,7,6,2569,2405,,937,2031,.461,248,688,.360,447,588,.760,359,1236,484,195,147,401,623
237,Pacific,31,12,19,.387,-2.56,3.95,4,14,6,10,6,9,1996,2115,,681,1633,.417,202,584,.346,432,667,.648,385,1076,363,125,74,391,667
238,Penn State,34,18,16,.529,8.15,7.48,4,14,11,7,7,9,2273,2250,,795,1893,.420,227,679,.334,456,656,.695,354,1201,336,206,138,414,692
239,Pennsylvania,28,9,19,.321,-8.11,-1.15,4,10,4,9,5,10,1687,1882,,599,1379,.434,155,448,.346,334,495,.675,258,886,329,153,67,419,557
240,Pepperdine,31,18,13,.581,5.26,3.60,10,8,11,6,7,7,1975,1910,,688,1612,.427,141,450,.313,458,613,.747,295,1040,415,190,105,386,552
,,Overall,Overall,Overall,Overall,Overall,Overall,Conf.,Conf.,Home,Home,Away,Away,Points,Points,,School Totals,School Totals,School Totals,School Totals,School Totals,School Totals,School Totals,School Totals,School Totals,School Totals,School Totals,School Totals,School Totals,School Totals,School Totals,School Totals
Rk,School,G,W,L,W-L%,SRS,SOS,W,L,W,L,W,L,Tm.,Opp.,,FG,FGA,FG%,3P,3PA,3P%,FT,FTA,FT%,ORB,TRB,AST,STL,BLK,TOV,PF
241,Pittsburgh,33,19,14,.576,8.98,7.66,8,10,14,4,5,10,2225,2170,,813,1821,.446,162,473,.342,437,632,.691,401,1095,544,167,92,320,586
242,Portland State,29,15,14,.517,-7.79,-4.90,9,9,9,5,6,9,2083,2098,,723,1645,.440,193,507,.381,444,598,.742,283,942,381,183,117,324,511
243,Portland,32,17,15,.531,4.02,3.39,7,11,10,7,7,8,2249,2180,,787,1771,.444,211,553,.382,464,648,.716,374,1139,472,184,142,390,591
244,Prairie View,33,15,18,.455,-10.62,-7.96,12,6,7,5,8,13,2211,2280,,822,1923,.427,177,532,.333,390,604,.646,390,1072,354,287,105,471,716
245,Presbyterian,32,10,22,.313,-16.42,-4.67,6,12,7,8,3,14,1978,2214,,741,1656,.447,136,425,.320,360,546,.659,296,1029,341,166,90,415,507
246,Princeton,31,16,14,.533,-1.06,-2.65,9,5,12,5,4,9,2066,1972,,673,1455,.463,252,668,.377,468,658,.711,189,913,391,165,90,366,562
247,Providence,33,22,11,.667,14.47,9.74,11,7,14,5,8,6,2317,2161,,808,1830,.442,161,520,.310,540,761,.710,398,1189,465,238,154,391,607
248,Purdue,33,21,12,.636,13.38,7.90,12,6,14,4,7,8,2310,2129,,801,1768,.453,191,571,.335,515,752,.685,388,1198,492,180,176,432,624
249,Quinnipiac,30,15,15,.500,-1.29,-3.49,9,11,10,7,5,8,2092,2026,,715,1813,.394,165,537,.307,497,643,.773,491,1361,416,107,173,416,570
250,Radford,32,21,11,.656,-4.30,-5.57,12,6,13,4,8,7,2327,2166,,834,1817,.459,203,594,.342,456,661,.690,393,1156,426,219,135,381,566
251,Rhode Island,31,22,9,.710,9.58,2.84,13,5,14,2,8,7,2079,1837,,724,1602,.452,133,452,.294,498,760,.655,336,1095,402,206,170,428,636
252,Rice,32,12,20,.375,-2.61,-0.54,8,10,7,8,5,12,2052,2107,,679,1615,.420,289,797,.363,405,548,.739,276,1019,405,190,70,459,606
253,Richmond,32,19,13,.594,8.68,3.77,12,6,14,4,5,9,2092,1935,,758,1658,.457,216,629,.343,360,524,.687,227,931,429,226,102,319,544
254,Rider,32,21,11,.656,-1.41,-3.07,15,5,10,5,11,6,2094,2041,,764,1741,.439,188,575,.327,378,626,.604,351,1101,385,227,85,398,572
255,Robert Morris,33,19,14,.576,-2.98,-4.25,12,6,10,6,9,8,2277,2235,,802,1798,.446,211,555,.380,462,647,.714,344,1103,404,282,97,454,612
256,Rutgers,32,10,22,.313,0.62,8.49,2,16,7,11,3,11,1898,2150,,687,1751,.392,152,515,.295,372,570,.653,359,1118,343,178,118,417,530
257,Sacramento State,31,20,11,.645,-5.02,-5.85,13,5,13,1,7,10,2196,2106,,788,1621,.486,195,478,.408,425,578,.735,261,918,443,223,73,339,530
258,Sacred Heart,32,15,17,.469,-7.15,-5.76,9,9,10,5,5,12,2360,2367,,874,1911,.457,169,529,.319,443,685,.647,401,1225,469,210,110,439,588
259,Saint Francis (PA),31,16,15,.516,-5.71,-5.08,9,9,10,2,6,13,1997,1983,,698,1591,.439,219,651,.336,382,567,.674,256,967,367,205,79,392,496
260,Saint Joseph's,31,13,18,.419,0.01,2.82,7,11,10,7,3,11,1912,1999,,688,1704,.404,167,559,.299,369,600,.615,352,1099,394,205,135,387,523
,,Overall,Overall,Overall,Overall,Overall,Overall,Conf.,Conf.,Home,Home,Away,Away,Points,Points,,School Totals,School Totals,School Totals,School Totals,School Totals,School Totals,School Totals,School Totals,School Totals,School Totals,School Totals,School Totals,School Totals,School Totals,School Totals,School Totals
Rk,School,G,W,L,W-L%,SRS,SOS,W,L,W,L,W,L,Tm.,Opp.,,FG,FGA,FG%,3P,3PA,3P%,FT,FTA,FT%,ORB,TRB,AST,STL,BLK,TOV,PF
261,Saint Louis,32,11,21,.344,-5.24,2.56,3,15,9,9,2,12,1912,2122,,652,1587,.411,172,528,.326,436,666,.655,290,979,391,170,72,443,630
262,Saint Mary's (CA),30,21,9,.700,9.49,4.05,13,5,14,4,7,5,2077,1909,,728,1582,.460,222,585,.379,399,561,.711,311,1075,457,151,68,363,525
263,Saint Peter's,34,16,18,.471,-2.76,-3.73,8,12,7,6,9,12,2081,2048,,698,1695,.412,193,563,.343,492,745,.660,353,1109,344,213,101,413,654
264,Sam Houston State,33,25,8,.758,2.91,-6.19,15,3,17,3,8,5,2435,1959,,794,1849,.429,249,762,.327,598,841,.711,432,1325,478,220,147,433,671
265,Samford,32,13,19,.406,-9.33,-5.49,6,12,8,6,5,13,2216,2301,,780,1756,.444,204,588,.347,452,661,.684,326,1015,423,235,96,414,657
266,San Diego State,34,26,8,.765,12.02,3.78,14,4,16,2,10,6,2101,1807,,756,1805,.419,178,556,.320,411,653,.629,413,1197,360,236,171,386,486
267,San Diego,31,15,16,.484,5.70,4.13,8,10,10,6,5,10,2006,1949,,690,1636,.422,192,562,.342,434,632,.687,321,1016,388,199,119,364,616
268,San Francisco,32,14,18,.438,3.64,3.38,7,11,8,8,6,10,2215,2167,,783,1735,.451,203,596,.341,446,709,.629,340,1113,443,186,79,376,647
269,San Jose State,30,2,28,.067,-15.81,2.33,0,18,2,15,0,13,1612,2086,,553,1559,.355,196,668,.293,310,475,.653,272,939,294,145,78,426,548
270,Santa Clara,32,14,18,.438,0.21,4.71,7,11,9,7,5,11,2027,2136,,711,1675,.424,222,636,.349,383,520,.737,296,956,379,180,59,339,599
271,Savannah State,30,8,22,.267,-18.03,-6.14,5,11,6,5,2,17,1683,2010,,633,1549,.409,102,400,.255,315,548,.575,312,907,277,263,71,490,588
272,Seattle,31,16,15,.516,-7.15,-5.56,7,7,11,5,5,10,1941,1922,,676,1529,.442,213,549,.388,376,571,.658,303,1050,428,166,45,416,519
273,Seton Hall,31,16,15,.516,8.19,7.81,6,12,10,5,6,10,2119,2107,,735,1745,.421,213,609,.350,436,664,.657,391,1123,384,185,127,385,595
274,Siena,31,11,20,.355,-6.77,-2.74,7,13,6,9,5,11,2164,2289,,748,1736,.431,152,458,.332,516,727,.710,395,1023,411,233,111,389,649
275,South Alabama,33,12,21,.364,-9.58,-3.16,9,11,7,8,5,13,2275,2438,,762,1813,.420,214,640,.334,537,764,.703,360,1175,353,157,121,474,586
276,South Carolina State,33,11,22,.333,-17.23,-7.33,7,9,6,6,5,16,1965,2203,,706,1846,.382,184,608,.303,369,612,.603,394,1142,360,200,101,412,579
277,South Carolina Upstate,34,23,11,.676,-1.64,-7.54,8,6,13,4,10,7,2457,2066,,895,2013,.445,274,802,.342,393,603,.652,455,1292,508,273,105,359,557
278,South Carolina,33,17,16,.515,10.97,8.66,6,12,10,6,7,10,2146,2046,,735,1819,.404,180,599,.301,496,673,.737,406,1178,437,208,133,424,634
279,South Dakota State,33,23,10,.697,3.01,-4.12,12,4,14,0,9,10,2409,2109,,812,1785,.455,258,682,.378,525,740,.709,313,1182,396,180,126,383,644
280,South Dakota,33,17,16,.515,-4.97,-3.55,9,7,8,8,9,8,2309,2312,,811,1924,.422,212,589,.360,475,650,.731,384,1169,388,184,80,372,603
,,Overall,Overall,Overall,Overall,Overall,Overall,Conf.,Conf.,Home,Home,Away,Away,Points,Points,,School Totals,School Totals,School Totals,School Totals,School Totals,School Totals,School Totals,School Totals,School Totals,School Totals,School Totals,School Totals,School Totals,School Totals,School Totals,School Totals
Rk,School,G,W,L,W-L%,SRS,SOS,W,L,W,L,W,L,Tm.,Opp.,,FG,FGA,FG%,3P,3PA,3P%,FT,FTA,FT%,ORB,TRB,AST,STL,BLK,TOV,PF
281,South Florida,32,9,23,.281,-4.72,2.80,3,15,8,9,1,14,1970,2189,,745,1720,.433,136,448,.304,344,556,.619,343,1084,362,184,156,436,609
282,Southeast Missouri State,30,13,17,.433,-5.31,-3.81,7,9,9,5,4,12,2087,2064,,742,1686,.440,189,553,.342,414,621,.667,346,1050,378,218,132,394,598
283,Southeastern Louisiana,32,9,23,.281,-10.64,-5.80,6,12,6,6,3,17,2186,2324,,807,1760,.459,185,591,.313,387,582,.665,311,1068,389,194,112,492,590
284,Southern California,32,12,20,.375,2.42,6.42,3,15,8,9,4,11,2143,2271,,787,1863,.422,170,516,.329,399,629,.634,366,1149,397,208,133,446,565
285,SIU Edwardsville,28,12,16,.429,-7.47,-4.74,8,8,11,3,1,13,1909,1884,,660,1532,.431,198,521,.380,391,579,.675,292,969,345,178,120,375,518
286,Southern Illinois,33,12,21,.364,-3.65,-0.77,4,14,8,9,4,12,1968,2044,,681,1626,.419,138,418,.330,468,667,.702,327,1027,274,221,72,423,605
287,Southern Methodist,33,27,6,.818,13.24,3.55,15,3,17,2,10,4,2291,1972,,812,1695,.479,138,384,.359,529,750,.705,378,1211,512,226,142,417,537
288,Southern Mississippi,29,9,20,.310,-9.91,0.05,4,14,8,7,1,13,1742,1978,,618,1438,.430,183,554,.330,323,515,.627,248,863,352,178,63,408,449
289,Southern Utah,29,10,19,.345,-11.99,-5.49,7,11,5,7,5,12,2011,2146,,700,1537,.455,210,537,.391,401,599,.669,218,920,344,144,108,393,651
290,Southern,35,18,17,.514,-9.74,-8.02,13,5,9,5,9,12,2259,2226,,801,1895,.423,150,484,.310,507,775,.654,405,1262,359,240,145,462,702
291,St. Bonaventure,31,18,13,.581,4.15,1.57,10,8,8,6,10,7,2085,2005,,733,1723,.425,158,503,.314,461,653,.706,384,1153,383,206,149,384,535
292,St. Francis (NY),34,23,11,.676,-2.01,-6.50,15,3,13,4,10,7,2344,2178,,808,1940,.416,190,645,.295,538,791,.680,507,1326,418,227,171,447,619
293,St. John's (NY),32,21,11,.656,12.49,9.20,10,8,16,3,5,8,2279,2164,,808,1831,.441,195,552,.353,468,676,.692,329,1132,402,239,208,342,566
294,Stanford,32,19,13,.594,12.12,7.40,9,9,14,4,5,9,2314,2163,,790,1821,.434,218,569,.383,516,711,.726,373,1171,388,175,86,343,615
295,Stephen F. Austin,33,29,4,.879,8.70,-4.76,17,1,15,1,14,3,2622,2131,,894,1819,.491,257,666,.386,577,786,.734,402,1147,587,252,119,464,716
296,Stetson,31,9,22,.290,-15.87,-6.34,3,11,7,7,2,15,2064,2290,,744,1718,.433,193,586,.329,383,583,.657,297,1041,388,139,103,384,543
297,Stony Brook,34,23,11,.676,0.30,-3.89,12,4,13,2,10,9,2220,2030,,810,1931,.419,182,551,.330,418,628,.666,469,1352,409,173,142,406,562
298,Syracuse,31,18,13,.581,12.12,7.90,9,9,13,5,5,8,2096,1965,,763,1775,.430,155,515,.301,415,629,.660,373,1135,468,258,157,370,471
299,Temple,33,23,10,.697,7.74,3.53,13,5,13,2,10,8,2139,2000,,733,1910,.384,211,695,.304,462,673,.686,408,1251,406,231,142,328,573
300,Tennessee-Martin,30,18,12,.600,-3.27,-4.45,10,6,9,3,9,9,2090,1948,,747,1597,.468,221,577,.383,375,537,.698,289,1021,380,152,58,346,462
,,Overall,Overall,Overall,Overall,Overall,Overall,Conf.,Conf.,Home,Home,Away,Away,Points,Points,,School Totals,School Totals,School Totals,School Totals,School Totals,School Totals,School Totals,School Totals,School Totals,School Totals,School Totals,School Totals,School Totals,School Totals,School Totals,School Totals
Rk,School,G,W,L,W-L%,SRS,SOS,W,L,W,L,W,L,Tm.,Opp.,,FG,FGA,FG%,3P,3PA,3P%,FT,FTA,FT%,ORB,TRB,AST,STL,BLK,TOV,PF
301,Tennessee State,31,5,26,.161,-15.04,-2.49,2,14,5,8,0,18,1793,2111,,611,1548,.395,170,486,.350,401,648,.619,297,1022,294,167,108,446,628
302,Tennessee Tech,30,12,18,.400,-6.56,-4.06,4,12,10,4,2,14,2118,2095,,768,1741,.441,169,526,.321,413,609,.678,396,1110,395,186,103,412,567
303,Tennessee,32,16,16,.500,7.54,8.48,7,11,10,8,6,8,2025,2055,,725,1706,.425,194,586,.331,381,551,.691,396,1040,350,247,108,387,625
304,Texas A&amp;M-Corpus Christi,32,19,13,.594,-5.82,-6.65,13,5,10,3,9,10,2126,2054,,700,1574,.445,152,467,.325,574,841,.683,316,1039,330,218,90,408,661
305,Texas A&amp;M,31,20,11,.645,11.47,6.50,11,7,13,3,7,8,2083,1929,,748,1665,.449,170,492,.346,417,636,.656,351,1126,451,178,92,385,570
306,Texas-Arlington,31,16,15,.516,-3.69,-2.86,10,10,9,6,7,9,2220,2206,,779,1773,.439,205,648,.316,457,679,.673,352,1144,399,206,107,453,654
307,Texas Christian,33,18,15,.545,11.79,6.00,4,14,13,6,5,9,2249,2058,,791,1809,.437,150,459,.327,517,841,.615,445,1214,435,207,176,395,681
308,Texas-El Paso,32,22,10,.688,5.51,-0.52,13,5,14,3,8,7,2216,2023,,781,1662,.470,179,494,.362,475,723,.657,302,1107,442,172,131,396,547
309,Texas-Pan American,31,10,21,.323,-14.46,-4.68,4,10,8,4,2,17,1927,2179,,678,1610,.421,130,433,.300,441,652,.676,322,1000,411,171,102,417,544
310,Texas-San Antonio,30,14,16,.467,-3.19,-2.48,8,10,7,8,7,8,2120,2111,,717,1701,.422,191,587,.325,495,708,.699,387,1071,370,213,69,370,501
311,Texas Southern,34,22,12,.647,-5.99,-6.73,16,2,9,1,13,11,2318,2293,,794,1789,.444,180,562,.320,550,831,.662,386,1174,370,209,106,445,590
312,Texas State,31,14,17,.452,-5.43,-3.54,7,13,9,6,5,11,1905,1854,,664,1645,.404,159,506,.314,418,606,.690,315,1003,345,224,77,395,546
313,Texas Tech,32,13,19,.406,4.48,7.92,3,15,13,6,0,13,1949,2059,,652,1610,.405,169,524,.323,476,742,.642,374,1072,356,187,131,442,558
314,Texas,33,20,13,.606,17.04,9.50,8,10,14,5,6,8,2242,1993,,779,1787,.436,206,607,.339,478,659,.725,410,1310,435,124,260,420,533
315,Toledo,33,20,13,.606,5.31,1.07,11,7,10,4,10,9,2483,2343,,863,1837,.470,195,533,.366,562,757,.742,360,1204,432,170,108,405,563
316,Towson,32,12,20,.375,-6.80,-3.57,5,13,4,9,8,11,2034,2080,,689,1678,.411,134,429,.312,522,787,.663,468,1256,290,113,127,423,672
317,Troy,29,10,19,.345,-8.85,-5.22,5,15,5,9,5,10,1946,2013,,674,1566,.430,192,577,.333,406,612,.663,316,986,271,193,61,410,456
318,Tulane,31,15,16,.484,-1.31,0.52,6,12,9,8,6,8,1973,1984,,699,1700,.411,199,610,.326,376,579,.649,365,1076,349,193,62,397,550
319,Tulsa,32,22,10,.688,7.54,2.87,14,4,12,4,10,6,2056,1914,,709,1697,.418,178,544,.327,460,711,.647,343,1169,351,183,111,365,535
320,UCLA,33,20,13,.606,12.21,8.24,11,7,16,1,4,12,2376,2245,,849,1927,.441,205,564,.363,473,700,.676,406,1253,459,225,123,392,590
,,Overall,Overall,Overall,Overall,Overall,Overall,Conf.,Conf.,Home,Home,Away,Away,Points,Points,,School Totals,School Totals,School Totals,School Totals,School Totals,School Totals,School Totals,School Totals,School Totals,School Totals,School Totals,School Totals,School Totals,School Totals,School Totals,School Totals
Rk,School,G,W,L,W-L%,SRS,SOS,W,L,W,L,W,L,Tm.,Opp.,,FG,FGA,FG%,3P,3PA,3P%,FT,FTA,FT%,ORB,TRB,AST,STL,BLK,TOV,PF
321,Utah State,31,18,13,.581,3.21,0.57,11,7,11,6,7,7,2064,1973,,721,1596,.452,233,591,.394,389,579,.672,215,978,445,149,142,323,505
322,Utah Valley,30,11,19,.367,-12.78,-4.92,5,9,8,5,3,14,1758,1923,,616,1540,.400,169,566,.299,357,514,.695,296,988,387,134,69,385,519
323,Utah,32,24,8,.750,21.30,6.82,13,5,16,1,8,7,2307,1822,,788,1624,.485,247,611,.404,484,692,.699,296,1117,458,190,161,366,534
324,Valparaiso,33,28,5,.848,6.33,-2.34,13,3,15,1,13,4,2304,1956,,817,1780,.459,224,593,.378,446,658,.678,386,1245,431,198,156,413,544
325,Vanderbilt,32,19,13,.594,11.85,6.36,9,9,14,4,5,9,2230,2033,,758,1611,.471,227,588,.386,487,689,.707,311,1084,487,153,158,420,549
326,Vermont,31,18,13,.581,1.43,-5.81,11,4,12,4,6,9,2051,1789,,720,1542,.467,168,462,.364,443,633,.700,250,1022,405,203,161,398,592
327,Villanova,34,32,2,.941,23.32,7.94,16,2,17,0,15,2,2593,2070,,861,1833,.470,306,787,.389,565,777,.727,351,1170,541,265,137,369,564
328,Virginia Commonwealth,35,26,9,.743,12.91,5.94,12,6,12,4,14,5,2537,2293,,872,2076,.420,283,828,.342,510,778,.656,431,1240,442,338,151,373,673
329,VMI,30,11,19,.367,-9.64,-3.71,7,11,6,8,5,11,2415,2428,,829,2074,.400,342,1078,.317,415,607,.684,434,1178,408,255,177,449,646
330,Virginia Tech,33,11,22,.333,1.57,5.60,2,16,10,9,1,13,2156,2289,,779,1747,.446,241,619,.389,357,558,.640,274,978,396,144,97,386,597
331,Virginia,32,29,3,.906,22.62,8.03,16,2,15,1,14,2,2091,1624,,761,1644,.463,162,449,.361,407,563,.723,329,1158,413,179,137,304,456
332,Wagner,30,10,20,.333,-11.28,-4.79,8,10,8,5,2,15,2052,2206,,722,1804,.400,179,574,.312,429,616,.696,445,1112,324,195,79,420,681
333,Wake Forest,32,13,19,.406,4.88,7.94,5,13,11,7,2,12,2209,2307,,762,1809,.421,206,614,.336,479,751,.638,375,1200,451,208,123,428,579
334,Washington State,31,13,18,.419,0.45,6.39,7,11,8,6,5,12,2189,2373,,743,1712,.434,214,626,.342,489,679,.720,282,1026,453,120,102,367,570
335,Washington,31,16,15,.516,5.82,5.08,5,13,8,7,8,8,2128,2105,,765,1747,.438,193,579,.333,405,593,.683,329,1082,412,152,153,361,535
336,Weber State,30,13,17,.433,-7.27,-3.49,8,10,8,6,5,11,2010,2041,,641,1518,.422,217,607,.357,511,683,.748,283,997,358,158,120,402,539
337,West Virginia,32,23,9,.719,16.39,9.30,11,7,12,3,11,6,2366,2139,,813,1975,.412,213,669,.318,527,798,.660,539,1177,465,350,91,418,748
338,Western Carolina,32,15,17,.469,-5.76,-3.50,9,9,7,6,8,11,2251,2284,,799,1839,.434,197,576,.342,456,651,.700,401,1130,375,260,141,435,671
339,Western Illinois,28,8,20,.286,-13.86,-2.97,3,13,8,6,0,14,1747,1983,,618,1543,.401,188,537,.350,323,463,.698,207,907,335,148,67,352,483
340,Western Kentucky,32,20,12,.625,1.31,-0.26,12,6,13,3,7,9,2285,2149,,793,1824,.435,248,685,.362,451,690,.654,363,1190,456,175,106,413,580
,,Overall,Overall,Overall,Overall,Overall,Overall,Conf.,Conf.,Home,Home,Away,Away,Points,Points,,School Totals,School Totals,School Totals,School Totals,School Totals,School Totals,School Totals,School Totals,School Totals,School Totals,School Totals,School Totals,School Totals,School Totals,School Totals,School Totals
Rk,School,G,W,L,W-L%,SRS,SOS,W,L,W,L,W,L,Tm.,Opp.,,FG,FGA,FG%,3P,3PA,3P%,FT,FTA,FT%,ORB,TRB,AST,STL,BLK,TOV,PF
341,Western Michigan,33,20,13,.606,1.64,0.64,10,8,13,2,7,11,2344,2268,,802,1747,.459,230,625,.368,510,728,.701,329,1075,416,212,74,391,604
342,Wichita State,32,28,4,.875,15.16,2.35,17,1,15,0,13,4,2231,1786,,784,1756,.446,224,619,.362,439,638,.688,380,1138,445,225,122,301,533
343,William &amp; Mary,32,20,12,.625,3.03,-1.18,12,6,12,2,8,10,2347,2138,,812,1661,.489,282,704,.401,441,601,.734,231,1029,476,196,135,371,499
344,Winthrop,32,19,13,.594,-3.94,-7.43,12,6,11,3,8,10,2356,2159,,812,1810,.449,251,701,.358,481,664,.724,332,1127,388,224,140,387,574
345,Wisconsin,34,31,3,.912,24.99,9.23,16,2,15,1,16,2,2444,1908,,860,1793,.480,237,663,.357,487,638,.763,322,1145,432,154,119,252,409
346,Wofford,34,28,6,.824,2.39,-3.42,16,2,13,1,15,5,2278,2033,,800,1745,.458,215,572,.376,463,672,.689,310,1102,454,223,86,371,574
347,Wright State,31,11,20,.355,-6.21,-0.94,3,13,4,8,7,12,1989,2107,,715,1619,.442,194,571,.340,365,524,.697,232,902,407,168,75,373,594
348,Wyoming,34,25,9,.735,4.38,-0.12,11,7,17,2,8,7,2097,1903,,726,1573,.462,200,620,.323,445,629,.707,212,1025,487,189,99,380,464
349,Xavier,34,21,13,.618,15.27,9.36,9,9,13,3,8,10,2501,2300,,885,1870,.473,214,613,.349,517,713,.725,340,1184,557,207,97,411,614
350,Yale,33,22,10,.688,3.73,-0.68,11,4,9,3,13,7,2164,1931,,740,1667,.444,220,595,.370,464,653,.711,360,1139,437,188,127,406,552
351,Youngstown State,32,11,21,.344,-7.41,-1.52,2,14,6,9,5,12,2287,2394,,807,1826,.442,208,588,.354,465,670,.694,314,1055,450,192,67,374,586